City_ID,City,Country,Lat,Lng,Max Temp,Humidity,Cloudiness,Wind Speed,Current Description
0,Rikitea,PF,-23.1203,-134.9692,74.7,82,100,18.07,overcast clouds
1,Nabire,ID,-3.3667,135.4833,74.98,91,100,4.07,overcast clouds
2,Mildura,AU,-34.2,142.15,51.76,62,4,3.44,clear sky
3,Ouahigouya,BF,13.5828,-2.4216,74.95,14,46,10.42,scattered clouds
4,Aklavik,CA,68.2191,-135.0107,-11.2,84,20,5.75,few clouds
5,Port Alfred,ZA,-33.5906,26.891,69.85,84,34,21.59,scattered clouds
6,Dikson,RU,73.5069,80.5464,-28.08,98,95,2.08,overcast clouds
7,Ribeira Grande,PT,38.5167,-28.7,59.4,72,40,3.44,scattered clouds
8,Rock Island,US,41.45,-90.5168,34.68,73,20,9.22,few clouds
9,Lebu,CL,-37.6167,-73.65,62.69,77,13,16.13,few clouds
10,Leh,IN,34.1667,77.5833,0.48,37,0,3.89,clear sky
11,Algiers,DZ,36.7525,3.042,51.62,87,0,2.3,clear sky
12,Laizhou,CN,37.1717,119.9214,37.13,49,100,6.11,overcast clouds
13,Sorland,NO,67.667,12.6934,40.86,57,99,28.95,overcast clouds
14,Amapa,BR,1.0,-52.0,86.67,56,88,3.56,overcast clouds
15,Coihaique,CL,-45.5752,-72.0662,74.01,35,0,5.75,clear sky
16,Vila Velha,BR,-20.3297,-40.2925,75.15,92,90,8.99,overcast clouds
17,Bayji,IQ,34.9311,43.487,57.34,46,5,7.11,clear sky
18,Butaritari,KI,3.0707,172.7902,81.97,75,100,18.21,overcast clouds
19,East London,ZA,-33.0153,27.9116,70.74,83,20,14.97,few clouds
20,San Quintin,MX,30.4833,-115.95,62.74,37,0,3.49,clear sky
21,Punta Arenas,CL,-53.15,-70.9167,53.71,43,40,39.12,scattered clouds
22,Georgetown,MY,5.4112,100.3354,78.73,87,20,5.01,few clouds
23,Qaqortoq,GL,60.7167,-46.0333,39.11,51,100,23.58,overcast clouds
24,Jequitinhonha,BR,-16.4339,-41.0033,77.22,94,100,1.57,overcast clouds
25,Goderich,CA,43.7501,-81.7165,28.9,68,99,6.91,overcast clouds
26,Bredasdorp,ZA,-34.5322,20.0403,68.29,83,28,11.5,scattered clouds
27,Hermanus,ZA,-34.4187,19.2345,76.89,72,100,11.3,overcast clouds
28,Qaanaaq,GL,77.484,-69.3632,15.17,65,49,7.94,scattered clouds
29,Luderitz,NA,-26.6481,15.1594,60.55,92,4,2.3,clear sky
30,Catamarca,AR,-28.4696,-65.7852,95.05,37,49,7.0,light rain
31,Tsuruoka,JP,38.7217,139.8217,38.64,69,100,18.59,light rain
32,Tasiilaq,GL,65.6145,-37.6368,30.36,82,98,9.42,overcast clouds
33,Camalu,MX,30.85,-116.0667,64.42,37,0,2.75,clear sky
34,Khatanga,RU,71.9667,102.5,-13.56,98,100,11.14,overcast clouds
35,Dingle,PH,10.9995,122.6711,75.34,91,45,7.16,scattered clouds
36,Hithadhoo,MV,-0.6,73.0833,82.24,72,67,3.18,broken clouds
37,Oswego,US,43.4501,-76.1497,28.35,86,100,5.01,overcast clouds
38,Domoni,KM,-12.2569,44.5319,80.06,80,38,1.88,scattered clouds
39,Rawson,AR,-43.3002,-65.1023,74.01,46,1,26.51,clear sky
40,Bluff,NZ,-46.6,168.3333,68.81,54,100,29.57,overcast clouds
41,Ahipara,NZ,-35.1667,173.1667,61.25,78,4,1.95,clear sky
42,Mataura,NZ,-46.1927,168.8643,68.49,45,100,10.45,overcast clouds
43,Ushuaia,AR,-54.8,-68.3,46.06,71,75,21.85,light intensity drizzle
44,Busselton,AU,-33.65,115.3333,55.09,89,32,7.81,scattered clouds
45,Ninghai,CN,29.2892,121.4247,41.74,66,7,3.31,clear sky
46,Thompson,CA,55.7435,-97.8558,-3.84,77,90,6.91,light snow
47,Behshahr,IR,36.6923,53.5526,49.95,68,0,4.23,clear sky
48,Castro,BR,-24.7911,-50.0119,79.12,38,0,3.53,clear sky
49,Surt,LY,31.2089,16.5887,58.15,55,100,20.0,overcast clouds
50,Kanniyakumari,IN,8.0833,77.5667,77.7,73,62,21.18,broken clouds
51,Leningradskiy,RU,69.3833,178.4167,-1.84,90,100,4.88,overcast clouds
52,Tsabong,BW,-26.0217,22.401,80.35,41,2,20.96,clear sky
53,Pala,TD,9.3642,14.9046,74.44,25,2,6.15,clear sky
54,Vaini,TO,-21.2,-175.2,78.96,94,20,5.75,few clouds
55,Xining,CN,36.6167,101.7667,23.32,40,26,2.1,scattered clouds
56,Quatre Cocos,MU,-20.2078,57.7625,80.1,74,1,2.62,clear sky
57,Beringovskiy,RU,63.05,179.3167,22.44,83,8,9.8,clear sky
58,Hobart,AU,-42.8794,147.3294,55.26,59,98,19.57,overcast clouds
59,Kavieng,PG,-2.5744,150.7967,81.12,76,99,3.24,overcast clouds
60,Kapaa,US,22.0752,-159.319,75.52,78,75,5.01,light rain
61,Espirito Santo Do Pinhal,BR,-22.1158,-46.6828,83.64,56,25,4.72,scattered clouds
62,Chavakkad,IN,10.5333,76.05,78.17,64,100,12.28,overcast clouds
63,Sangar,RU,63.9242,127.4739,-32.15,95,100,4.5,overcast clouds
64,Hilo,US,19.7297,-155.09,72.81,46,90,9.22,moderate rain
65,Tokoroa,NZ,-38.2333,175.8667,57.52,76,1,2.3,clear sky
66,Birao,CF,10.2849,22.7882,74.05,26,5,6.62,clear sky
67,Cape Town,ZA,-33.9258,18.4232,77.11,72,0,1.99,clear sky
68,Whitehaven,GB,54.549,-3.5841,38.84,94,72,1.01,broken clouds
69,Ancud,CL,-41.8697,-73.8203,67.53,69,45,7.38,scattered clouds
70,Port Macquarie,AU,-31.4333,152.9167,68.9,91,80,3.53,broken clouds
71,Panzhihua,CN,26.5851,101.7128,48.65,88,2,1.07,clear sky
72,Atuona,PF,-9.8,-139.0333,77.74,72,0,14.2,clear sky
73,Tshane,BW,-24.0196,21.8684,78.15,47,100,8.48,overcast clouds
74,Puerto Ayora,EC,-0.7393,-90.3518,80.56,85,100,8.55,overcast clouds
75,Tucuman,AR,-26.8241,-65.2226,89.6,51,40,8.05,scattered clouds
76,Norman Wells,CA,65.282,-126.8329,1.44,78,75,10.36,light snow
77,Lagoa,PT,39.05,-27.9833,60.17,66,100,13.15,overcast clouds
78,Korgen,NO,66.0771,13.8153,41.02,99,93,3.36,overcast clouds
79,San Patricio,US,28.017,-97.5169,53.69,47,100,12.88,overcast clouds
80,New Norfolk,AU,-42.7826,147.0587,55.92,58,94,5.01,overcast clouds
81,Acarau,BR,-2.8856,-40.12,85.15,62,98,17.16,overcast clouds
82,Kaitangata,NZ,-46.2817,169.8464,60.22,69,100,4.7,overcast clouds
83,Kruisfontein,ZA,-34.0033,24.7314,66.88,89,49,13.62,scattered clouds
84,Kasongo-Lunda,CD,-6.4667,16.8167,76.23,85,100,1.61,light rain
85,Qandala,SO,11.472,49.8728,76.87,83,70,8.61,broken clouds
86,Gamba,GA,-2.65,10.0,78.48,88,99,4.81,overcast clouds
87,Nikolskoye,RU,59.7035,30.7861,23.4,92,100,12.26,light snow
88,Arraial Do Cabo,BR,-22.9661,-42.0278,78.76,65,40,11.5,scattered clouds
89,Mount Gambier,AU,-37.8333,140.7667,49.91,87,75,8.05,broken clouds
90,Khromtau,KZ,50.2503,58.4347,24.84,91,93,15.26,overcast clouds
91,Sitka,US,57.0531,-135.33,28.29,86,40,0.0,scattered clouds
92,Erzin,TR,36.9559,36.2,52.52,95,100,2.8,overcast clouds
93,Phalombe,MW,-15.8064,35.6507,67.64,89,37,5.57,scattered clouds
94,Marsa Matruh,EG,31.3525,27.2453,52.0,66,40,13.8,scattered clouds
95,Mahina,PF,-17.5065,-149.489,82.17,69,20,4.61,light rain
96,Nouadhibou,MR,20.931,-17.0347,69.78,73,100,5.75,overcast clouds
97,Ajdabiya,LY,30.7554,20.2263,52.68,63,99,16.42,overcast clouds
98,Havre-Saint-Pierre,CA,50.2334,-63.5986,18.19,53,40,9.22,scattered clouds
99,Thinadhoo,MV,0.5333,72.9333,80.64,79,97,4.25,overcast clouds
100,Itarema,BR,-2.9248,-39.9167,84.94,62,74,16.17,broken clouds
101,Filingue,NE,14.3521,3.3168,74.08,14,3,9.82,clear sky
102,Sukhobezvodnoye,RU,57.0491,44.8891,19.71,94,100,9.73,light snow
103,Villacarrillo,ES,38.1156,-3.0848,46.99,71,94,3.58,overcast clouds
104,Pontian Kecil,MY,1.4801,103.3899,77.38,93,93,6.31,overcast clouds
105,Saldanha,ZA,-33.0117,17.9442,66.92,77,100,9.89,light rain
106,Mar Del Plata,AR,-38.0023,-57.5575,87.82,89,40,13.0,scattered clouds
107,Pacific Grove,US,36.6177,-121.9166,56.37,80,40,1.99,scattered clouds
108,Tacuarembo,UY,-31.7333,-55.9833,99.01,24,0,7.18,clear sky
109,Severo-Kurilsk,RU,50.6789,156.125,28.11,91,100,15.75,snow
110,West Plains,US,36.7281,-91.8524,36.52,66,1,3.44,clear sky
111,Fortuna,US,40.5982,-124.1573,54.99,62,90,11.99,overcast clouds
112,Cockburn Town,TC,21.4612,-71.1419,79.16,70,87,16.28,overcast clouds
113,Faanui,PF,-16.4833,-151.75,79.65,77,29,8.61,light rain
114,Victoria,HK,22.2855,114.1577,68.38,54,100,3.0,overcast clouds
115,Krasnoselkup,RU,65.7,82.4667,-39.87,96,14,4.47,few clouds
116,Guangyuan,CN,32.442,105.823,40.23,86,3,2.53,clear sky
117,Chokurdakh,RU,70.6333,147.9167,-18.47,99,100,9.98,light snow
118,Tuktoyaktuk,CA,69.4541,-133.0374,-23.8,76,20,10.36,few clouds
119,Narsaq,GL,60.9167,-46.05,39.87,45,100,28.99,overcast clouds
120,Makakilo City,US,21.3469,-158.0858,73.69,83,1,6.91,light rain
121,Sakhnovshchyna,UA,49.1517,35.872,32.9,97,100,18.3,light snow
122,Grindavik,IS,63.8424,-22.4338,45.07,100,90,11.5,overcast clouds
123,Bengkulu,ID,-3.8004,102.2655,75.0,93,100,3.51,overcast clouds
124,Mareeba,AU,-17.0,145.4333,70.52,93,70,1.43,broken clouds
125,Jalingo,NG,8.8833,11.3667,77.86,27,58,5.14,broken clouds
126,Bilma,NE,18.6853,12.9164,63.16,23,0,11.39,clear sky
127,Bethel,US,41.3712,-73.414,38.48,63,20,4.0,few clouds
128,Brooks,CA,50.5834,-111.8851,16.43,74,97,14.97,overcast clouds
129,Paraiso,CR,9.8383,-83.8656,78.96,68,77,4.65,broken clouds
130,Coaldale,CA,49.7167,-112.6185,16.57,67,90,13.8,overcast clouds
131,Denpasar,ID,-8.65,115.2167,82.06,88,40,8.05,scattered clouds
132,Beloha,MG,-25.1667,45.05,66.31,66,100,9.17,overcast clouds
133,Barrow,US,71.2906,-156.7887,-5.78,77,90,20.71,overcast clouds
134,Kodiak,US,57.79,-152.4072,29.71,86,1,3.44,clear sky
135,Iracoubo,GF,5.4802,-53.2011,82.36,72,20,9.24,few clouds
136,Port Elizabeth,ZA,-33.918,25.5701,69.1,88,0,16.11,clear sky
137,Hasaki,JP,35.7333,140.8333,30.49,53,9,12.26,clear sky
138,Pisco,PE,-13.7,-76.2167,71.02,77,90,10.36,mist
139,Kita,ML,13.0349,-9.4895,83.3,17,23,5.59,few clouds
140,Katsuura,JP,35.1333,140.3,39.31,53,0,8.88,clear sky
141,Kieta,PG,-6.2167,155.6333,79.2,86,47,0.67,light rain
142,Puerto Carreno,CO,6.189,-67.4859,89.58,58,40,14.97,scattered clouds
143,Alberton,CA,46.8168,-64.0654,28.53,62,100,11.3,overcast clouds
144,Kozmodemyansk,RU,56.3367,46.5711,23.83,94,100,12.19,light snow
145,Iqaluit,CA,63.7506,-68.5145,10.13,61,75,4.61,broken clouds
146,Talnakh,RU,69.4865,88.3972,-33.27,95,62,3.09,broken clouds
147,Tessalit,ML,20.1986,1.0114,70.41,17,1,10.69,clear sky
148,San Cristobal,VE,7.7669,-72.225,75.38,42,27,3.76,scattered clouds
149,Dakar,SN,14.6937,-17.4441,77.88,78,100,21.85,overcast clouds
150,Velsk,RU,61.0701,42.0983,7.09,94,100,9.35,overcast clouds
151,Caconda,AO,-13.7333,15.0667,64.81,81,56,4.16,broken clouds
152,Kalianget,ID,-7.05,113.9333,82.45,76,100,0.45,moderate rain
153,Kavaratti,IN,10.5669,72.642,81.64,64,0,5.93,clear sky
154,Carnarvon,AU,-24.8667,113.6333,71.67,83,0,17.27,clear sky
155,Parrita,CR,9.5201,-84.3225,94.06,74,38,6.02,scattered clouds
156,Diamantino,BR,-14.4086,-56.4461,84.94,73,91,5.68,overcast clouds
157,Port Hedland,AU,-20.3167,118.5667,86.05,42,8,3.44,clear sky
158,Ilulissat,GL,69.2167,-51.1,35.62,48,40,32.21,scattered clouds
159,Bahia Honda,CU,22.9036,-83.1592,83.91,58,7,4.79,clear sky
160,Mantua,IT,45.1667,10.7833,42.53,83,0,9.8,clear sky
161,Saint Anthony,US,45.0205,-93.218,23.95,83,90,5.99,overcast clouds
162,Ahuimanu,US,21.4447,-157.8378,74.86,81,75,17.27,moderate rain
163,Yellowknife,CA,62.456,-114.3525,-14.58,82,40,6.91,scattered clouds
164,Monte Redondo,PT,39.8993,-8.8317,61.41,62,0,17.27,clear sky
165,Kollam,IN,8.8833,76.6,82.27,71,88,7.14,overcast clouds
166,Zhangye,CN,38.9342,100.4517,24.12,40,0,8.03,clear sky
167,Saint-Pierre,RE,-21.3393,55.4781,80.28,64,90,3.44,light rain
168,Arman,RU,59.7,150.1667,-7.8,81,100,11.7,overcast clouds
169,Mama,RU,58.3106,112.8986,-31.83,100,100,3.2,overcast clouds
170,Shache,CN,38.4167,77.2406,22.96,56,31,2.19,scattered clouds
171,Taseyevo,RU,57.2169,94.8978,-25.02,98,92,4.25,overcast clouds
172,Hami,CN,42.8,93.45,23.63,50,7,0.69,clear sky
173,Smithers,CA,54.7804,-127.1743,-3.68,77,40,5.75,scattered clouds
174,Jamestown,US,42.097,-79.2353,30.09,78,75,4.0,light snow
175,Port Blair,IN,11.6667,92.75,79.52,76,85,9.78,overcast clouds
176,Lompoc,US,34.6391,-120.4579,64.09,73,1,0.0,clear sky
177,Raudeberg,NO,61.9875,5.1352,39.87,92,87,1.01,overcast clouds
178,Muslyumovo,RU,55.3033,53.1947,11.12,98,97,5.19,overcast clouds
179,Onverwacht,SR,5.5833,-55.1833,89.6,62,40,8.05,scattered clouds
180,Podor,MR,16.6527,-14.9587,78.75,38,100,2.3,overcast clouds
181,Dunedin,NZ,-45.8742,170.5036,64.92,53,99,13.62,overcast clouds
182,Isangel,VU,-19.55,169.2667,78.91,94,75,3.44,broken clouds
183,Saint-Philippe,RE,-21.3585,55.7679,80.19,77,100,2.19,light rain
184,Presidencia Roque Saenz Pena,AR,-26.7852,-60.4388,98.65,39,75,10.36,broken clouds
185,Guerrero Negro,MX,27.9769,-114.0611,64.29,29,0,3.24,clear sky
186,Tiksi,RU,71.6872,128.8694,-18.69,100,100,5.66,overcast clouds
187,Aljezur,PT,37.3191,-8.8033,59.61,85,100,18.43,overcast clouds
188,Korla,CN,41.7597,86.1469,22.17,58,9,1.63,clear sky
189,La Huacana,MX,18.9667,-101.8167,82.24,40,96,5.66,overcast clouds
190,Kahului,US,20.8947,-156.47,74.84,85,20,19.57,light rain
191,Coahuayana,MX,18.7333,-103.6833,78.28,47,100,2.71,overcast clouds
192,Sibolga,ID,1.7427,98.7792,74.8,88,100,2.55,light rain
193,Barranca,PE,-10.75,-77.7667,72.39,70,17,11.3,few clouds
194,Aykhal,RU,66.0,111.5,-35.59,100,98,9.44,overcast clouds
195,Cidreira,BR,-30.1811,-50.2056,73.96,68,0,22.73,clear sky
196,Inta,RU,66.0317,60.1659,-5.4,78,75,13.47,broken clouds
197,Anadyr,RU,64.75,177.4833,10.9,85,75,17.9,light snow
198,Silvia,CO,2.611,-76.3785,62.6,85,78,1.63,broken clouds
199,Olafsvik,IS,64.8945,-23.7142,43.16,86,100,1.68,overcast clouds
200,Mahon,ES,39.8885,4.2658,46.96,87,20,3.44,few clouds
201,Avarua,CK,-21.2078,-159.775,78.85,73,20,9.22,few clouds
202,Provideniya,RU,64.3833,-173.3,33.94,99,100,12.66,light rain
203,Seoul,KR,37.5683,126.9778,42.24,86,75,5.75,broken clouds
204,Turukhansk,RU,65.8167,87.9833,-36.38,95,11,3.85,few clouds
205,Hudson Bay,CA,52.85,-102.3842,5.76,83,98,10.89,overcast clouds
206,Diplo,PK,24.4667,69.584,58.64,36,22,1.88,few clouds
207,Challapata,BO,-18.9,-66.7667,50.92,78,99,2.35,light rain
208,Imphal,IN,24.8167,93.95,49.69,90,0,2.59,clear sky
209,Haines Junction,CA,60.7522,-137.5108,-16.65,76,89,1.14,overcast clouds
210,Ampanihy,MG,-24.7,44.75,65.97,68,100,12.39,overcast clouds
211,Saint George,US,37.1041,-113.5841,46.87,53,1,3.0,clear sky
212,Natal,BR,-5.795,-35.2094,88.45,66,40,11.5,scattered clouds
213,Te Anau,NZ,-45.4167,167.7167,60.06,75,99,13.35,overcast clouds
214,Aztec,US,36.8222,-107.9929,43.3,45,4,0.72,clear sky
215,Andra,RU,62.5147,65.8878,-3.44,96,100,14.2,light snow
216,Platteville,US,42.7342,-90.4785,32.72,80,90,12.66,overcast clouds
217,Lavrentiya,RU,65.5833,-171.0,34.43,97,100,20.94,overcast clouds
218,Mahebourg,MU,-20.4081,57.7,80.26,78,75,1.14,broken clouds
219,Touros,BR,-5.1989,-35.4608,88.7,66,96,12.15,overcast clouds
220,Srednekolymsk,RU,67.45,153.6833,-29.54,97,100,17.96,overcast clouds
221,Cabo San Lucas,MX,22.8909,-109.9124,77.05,73,40,3.44,scattered clouds
222,Esperance,AU,-33.8667,121.9,55.24,70,0,3.02,clear sky
223,Saint Joseph,US,39.7686,-94.8466,33.48,36,0,13.31,clear sky
224,Baculin,PH,7.4525,126.5842,77.41,85,19,6.51,few clouds
225,Glens Falls,US,43.3095,-73.644,31.98,75,75,11.5,broken clouds
226,La Ronge,CA,55.1001,-105.2842,-1.95,65,40,13.8,light snow
227,Poya,NC,-21.35,165.15,77.32,84,14,3.22,few clouds
228,Saint-Augustin,CA,51.226,-58.6502,14.4,66,6,14.76,clear sky
229,Hamilton,US,39.1834,-84.5333,39.78,70,90,1.99,overcast clouds
230,Kapoeta,SS,4.7717,33.5903,84.99,42,36,7.11,scattered clouds
231,San Joaquin,US,37.9333,-121.3011,48.13,91,90,0.0,mist
232,Koutiala,ML,12.3917,-5.4642,81.16,13,0,9.26,clear sky
233,Bambous Virieux,MU,-20.3428,57.7575,80.22,78,75,1.14,broken clouds
234,Izalco,SV,13.7447,-89.6731,88.97,50,72,4.92,broken clouds
235,Port Hardy,CA,50.6996,-127.4199,37.76,87,75,12.66,broken clouds
236,Vila Franca Do Campo,PT,37.7167,-25.4333,61.21,77,73,12.82,broken clouds
237,Lima,PE,-12.0432,-77.0282,70.14,68,90,9.22,overcast clouds
238,Uribia,CO,11.7139,-72.266,88.52,48,64,22.15,broken clouds
239,Brookings,US,44.3114,-96.7984,25.21,76,1,27.63,clear sky
240,Yuanping,CN,38.7153,112.7575,28.49,41,8,2.53,clear sky
241,Klaksvik,FO,62.2266,-6.589,40.12,76,100,12.01,overcast clouds
242,Ambulu,ID,-8.345,113.6058,77.58,92,100,3.49,moderate rain
243,Lumby,CA,50.2498,-118.969,29.73,80,37,3.44,scattered clouds
244,Muhos,FI,64.808,25.9931,19.18,88,37,8.1,scattered clouds
245,Sechura,PE,-5.5569,-80.8222,78.21,61,80,10.16,broken clouds
246,Tezu,IN,27.9167,96.1667,58.39,48,0,3.67,clear sky
247,Bandundu,CD,-3.3167,17.3667,78.48,73,67,1.16,broken clouds
248,Takoradi,GH,4.8845,-1.7554,81.09,75,3,9.48,clear sky
249,Faya,SA,18.3851,42.4509,59.11,69,2,2.89,clear sky
250,Clyde River,CA,70.4692,-68.5914,-2.83,98,100,2.68,overcast clouds
251,Mitsamiouli,KM,-11.3847,43.2844,82.69,74,20,3.44,few clouds
252,Ponta Delgada,PT,37.7333,-25.6667,61.52,77,40,18.41,scattered clouds
253,Poopo,BO,-18.3667,-66.9667,52.54,61,100,6.71,overcast clouds
254,Nome,US,64.5011,-165.4064,34.16,100,90,19.57,light rain
255,Maneadero,MX,31.7167,-116.5667,64.18,45,0,1.01,clear sky
256,Albany,US,42.6001,-73.9662,30.81,74,64,7.0,broken clouds
257,Port Lincoln,AU,-34.7333,135.8667,55.49,76,6,6.55,clear sky
258,Vanimo,PG,-2.6741,141.3028,76.8,94,99,8.72,light rain
259,Wattens,AT,47.2722,11.5993,27.54,84,0,1.99,clear sky
260,Katangli,RU,51.7102,143.2326,-9.29,98,76,9.42,broken clouds
261,Ringebu,NO,61.5167,10.1667,17.98,93,32,6.11,scattered clouds
262,Matveyevka,RU,52.15,56.1833,27.55,95,100,11.72,light snow
263,Upernavik,GL,72.7868,-56.1549,28.06,86,100,3.18,overcast clouds
264,Orange Cove,US,36.6244,-119.3137,58.44,48,2,1.9,clear sky
265,Bubaque,GW,11.2833,-15.8333,81.14,64,83,12.26,broken clouds
266,Belle Glade,US,26.6845,-80.6676,86.05,62,17,7.31,few clouds
267,Shestakovo,RU,56.4915,103.96,-32.71,100,17,1.81,few clouds
268,Imbituba,BR,-28.24,-48.6703,76.89,64,0,16.75,clear sky
269,Okha,RU,53.5739,142.9478,-7.94,88,24,12.91,few clouds
270,Riobamba,EC,-1.6667,-78.6333,55.22,68,93,3.78,light rain
271,Lata,PT,40.1629,-8.3327,59.92,64,100,10.42,overcast clouds
272,Mirabad,AF,30.4362,61.8383,56.55,19,58,4.45,broken clouds
273,Tilichiki,RU,60.4667,166.1,-19.1,97,54,6.49,broken clouds
274,Wilmington,US,34.2257,-77.9447,66.11,81,90,23.02,light rain
275,Puta,AZ,40.2967,49.6603,41.02,86,21,3.13,few clouds
276,Kaeo,NZ,-35.1,173.7833,57.33,96,1,2.82,clear sky
277,Dores Do Indaia,BR,-19.4633,-45.6017,75.74,79,69,6.26,broken clouds
278,Patnos,TR,39.2336,42.8634,30.56,83,80,4.94,broken clouds
279,Lorengau,PG,-2.0226,147.2712,81.18,83,38,10.47,scattered clouds
280,Batagay-Alyta,RU,67.8006,130.4114,-24.21,100,100,1.61,overcast clouds
281,Pocatello,US,42.8713,-112.4455,32.9,60,20,11.99,few clouds
282,Pevek,RU,69.7008,170.3133,-9.78,98,100,7.25,light snow
283,Ponta Do Sol,PT,32.6667,-17.1,68.0,89,97,15.57,overcast clouds
284,Tagusao,PH,9.1924,117.8141,79.3,82,100,2.44,overcast clouds
285,Chapais,CA,49.7834,-74.8492,2.98,77,92,7.11,overcast clouds
286,Ailigandi,PA,9.2333,-78.0167,82.8,78,81,7.14,broken clouds
287,Alekseyevka,RU,50.6309,38.6903,32.9,98,100,16.75,light snow
288,Salalah,OM,17.0151,54.0924,77.09,65,40,5.75,scattered clouds
289,Kosh-Agach,RU,50.0,88.6667,-1.23,74,95,3.31,overcast clouds
290,Nchelenge,ZM,-9.3451,28.734,70.7,81,53,2.44,broken clouds
291,Port-Gentil,GA,-0.7193,8.7815,82.36,83,40,8.05,light rain
292,Athabasca,CA,54.7169,-113.2854,4.82,86,89,12.77,overcast clouds
293,Broken Hill,AU,-31.95,141.4333,58.71,47,100,14.97,overcast clouds
294,Geraldton,AU,-28.7667,114.6,61.21,77,0,9.22,clear sky
295,Yulara,AU,-25.2406,130.9889,75.04,29,0,8.05,clear sky
296,Parabel,RU,58.6978,81.4825,-13.05,93,100,9.06,overcast clouds
297,Freetown,SL,8.484,-13.2299,83.91,74,75,5.75,haze
298,Taguatinga,BR,-12.3857,-46.5711,80.56,79,84,2.77,broken clouds
299,Belmonte,BR,-15.8631,-38.8828,82.4,71,96,7.92,heavy intensity rain
300,Bafia,CM,4.75,11.2333,76.93,41,5,2.93,clear sky
301,Bone,DE,51.9669,12.1396,45.28,83,100,11.97,overcast clouds
302,Dhidhdhoo,MV,6.8833,73.1,81.5,71,87,3.62,overcast clouds
303,Deputatskiy,RU,69.3,139.9,-42.36,98,90,5.88,overcast clouds
304,Vardo,NO,70.3705,31.1107,26.58,74,75,20.71,light snow
305,Kayerkan,RU,69.3497,87.7602,-33.48,96,31,2.73,scattered clouds
306,Usinsk,RU,65.9939,57.5281,-4.85,86,100,7.09,overcast clouds
307,Mackay,AU,-21.15,149.2,75.04,88,40,6.91,scattered clouds
308,Wexford,IE,52.3342,-6.4575,45.21,91,39,10.4,scattered clouds
309,Pimentel,PE,-6.8367,-79.9342,77.29,57,0,14.97,clear sky
310,Youghal,IE,51.95,-7.8506,48.09,93,34,11.5,scattered clouds
311,Tuatapere,NZ,-46.1333,167.6833,68.83,61,100,14.03,overcast clouds
312,Nhulunbuy,AU,-12.2333,136.7667,84.81,74,100,5.75,overcast clouds
313,Avera,US,33.194,-82.5271,67.51,78,100,8.32,overcast clouds
314,Muscat,OM,23.6139,58.5922,71.62,65,100,5.17,overcast clouds
315,Ostrovnoy,RU,68.0531,39.5131,19.0,88,100,7.31,snow
316,Acapulco,MX,16.8634,-99.8901,85.82,66,75,3.44,broken clouds
317,Litovko,RU,49.2361,135.1742,-18.18,99,100,2.08,overcast clouds
318,Rocha,UY,-34.4833,-54.3333,86.2,36,27,13.85,scattered clouds
319,Stornoway,GB,58.2093,-6.3865,43.93,92,90,1.14,overcast clouds
320,Cap Malheureux,MU,-19.9842,57.6142,80.47,74,5,6.17,clear sky
321,Wuwei,CN,37.9281,102.6414,26.47,45,25,3.58,scattered clouds
322,Lanxi,CN,29.2195,119.477,43.05,61,64,1.36,broken clouds
323,Biak,ID,-0.9131,122.8766,76.35,86,81,3.83,broken clouds
324,Tupiza,BO,-21.45,-65.7167,69.21,39,93,14.88,overcast clouds
325,Ulladulla,AU,-35.35,150.4667,65.3,81,97,4.97,overcast clouds
326,Kloulklubed,PW,7.0419,134.2556,81.1,78,99,18.25,overcast clouds
327,Nizhniy Baskunchak,RU,48.2198,46.8311,34.38,68,100,21.16,overcast clouds
328,Meulaboh,ID,4.1363,96.1285,75.56,90,95,8.1,overcast clouds
329,Sangueya,GN,10.7,-14.3667,79.43,52,3,6.67,clear sky
330,Verkhnyaya Sinyachikha,RU,57.976,61.6673,17.94,95,100,5.99,light snow
331,Samfya,ZM,-11.3649,29.5565,68.2,79,70,5.23,light rain
332,Mezen,RU,65.8522,44.24,-16.56,94,8,5.5,clear sky
333,Wangqing,CN,43.3218,129.7634,11.8,92,100,3.62,overcast clouds
334,Merauke,ID,-8.4667,140.3333,78.8,84,100,5.99,overcast clouds
335,Meadow Lake,US,34.8014,-106.5436,46.62,33,0,5.66,clear sky
336,Santa Luzia,BR,-19.7697,-43.8514,78.94,65,75,13.8,broken clouds
337,Cabedelo,BR,-6.9811,-34.8339,86.67,69,71,10.94,broken clouds
338,Cape Canaveral,US,28.4058,-80.6048,85.21,72,1,13.8,clear sky
339,Pandan,PH,14.0453,124.1694,78.1,90,100,8.1,overcast clouds
340,Urdoma,RU,61.7533,48.5442,3.38,96,100,6.62,overcast clouds
341,Saskylakh,RU,71.9167,114.0833,-9.15,97,100,10.98,overcast clouds
342,Hambantota,LK,6.1241,81.1185,77.34,94,40,6.91,scattered clouds
343,Huarmey,PE,-10.0681,-78.1522,73.98,72,100,11.14,overcast clouds
344,Bay Roberts,CA,47.5999,-53.2648,26.24,64,6,8.01,clear sky
345,Lazaro Cardenas,MX,17.9583,-102.2,85.01,55,53,6.91,broken clouds
346,Pangnirtung,CA,66.1451,-65.7125,12.2,85,90,3.44,light snow
347,Stephenville Crossing,CA,48.5,-58.4318,24.93,63,75,6.91,broken clouds
348,Turkmenabat,TM,39.0733,63.5786,49.98,76,23,4.61,few clouds
349,Hailey,US,43.5196,-114.3153,21.06,68,90,8.05,light snow
350,Ankazoabo,MG,-22.2833,44.5167,75.97,55,35,7.31,scattered clouds
351,Viedma,AR,-40.8135,-62.9967,91.45,17,0,13.11,clear sky
352,Moree,AU,-29.4667,149.85,73.42,49,100,10.36,light rain
353,Gangapur,IN,26.4833,76.7167,49.87,28,0,0.98,clear sky
354,Brigantine,US,39.4101,-74.3646,41.32,65,20,16.11,few clouds
355,Grand Island,US,40.925,-98.342,35.55,35,1,19.57,clear sky
356,Nizhniy Kuranakh,RU,58.8353,125.4869,-23.73,97,100,1.95,overcast clouds
357,Komsomolskiy,UZ,40.4272,71.7189,42.22,45,100,2.3,overcast clouds
358,Sibu,MY,2.3,111.8167,75.51,94,40,1.01,scattered clouds
359,Karratha,AU,-20.7377,116.8463,89.28,39,11,9.64,few clouds
360,Opuwo,NA,-18.0607,13.84,76.82,32,59,12.17,broken clouds
361,Boa Vista,BR,2.8197,-60.6733,87.78,58,90,9.22,overcast clouds
362,Onega,RU,63.9061,38.1404,-2.96,93,26,8.28,scattered clouds
363,Ondo,NG,7.1,4.8333,77.09,35,2,1.25,clear sky
364,Bilibino,RU,68.0546,166.4372,-24.41,100,100,6.49,light snow
365,Gijon,ES,43.5357,-5.6615,52.25,92,42,3.85,scattered clouds
366,Khorramshahr,IR,30.4397,48.1664,62.56,94,75,6.91,broken clouds
367,Koumac,NC,-20.5667,164.2833,77.65,80,21,2.98,few clouds
368,Dawlatabad,AF,36.4141,64.9053,54.48,51,92,3.47,overcast clouds
369,Senneterre,CA,48.3835,-77.2328,3.42,61,6,5.68,clear sky
370,Kidal,ML,18.4411,1.4078,70.0,16,0,13.53,clear sky
371,Tomatlan,MX,19.9333,-105.25,86.52,46,100,5.01,overcast clouds
372,La Palma,US,33.8464,-118.0467,68.95,64,1,3.44,clear sky
373,Sur,OM,22.5667,59.5289,69.46,67,67,3.11,broken clouds
374,Romitan,UZ,39.9343,64.3814,49.95,76,40,6.91,scattered clouds
375,Vestmannaeyjar,IS,63.4427,-20.2734,43.79,100,90,10.36,overcast clouds
376,Sao Filipe,CV,14.8961,-24.4956,71.85,84,100,9.78,overcast clouds
377,Antalaha,MG,-14.9003,50.2788,75.06,88,94,5.12,overcast clouds
378,Kenora,CA,49.8167,-94.4337,15.78,85,90,19.57,light shower snow
379,Lesnoy,RU,57.6198,63.0784,20.53,96,100,6.82,light snow
380,Axim,GH,4.8699,-2.2405,80.62,75,3,8.86,clear sky
381,Polyarnyy,RU,69.1989,33.4478,-7.13,76,100,18.03,light snow
382,Kaili,ID,-3.4626,120.2147,67.66,92,39,2.93,scattered clouds
383,Ust-Koksa,RU,50.2696,85.6108,22.17,76,100,0.69,overcast clouds
384,Marawi,PH,7.9986,124.2928,66.65,95,30,1.59,scattered clouds
385,Bom Jesus,BR,-9.0744,-44.3586,85.95,60,98,0.94,overcast clouds
386,Sarahan,IN,31.5167,77.8,27.28,26,3,12.91,clear sky
387,Dawei,MM,14.0833,98.2,65.84,72,93,5.46,overcast clouds
388,Airai,TL,-8.9266,125.4092,62.2,94,100,0.85,overcast clouds
389,Berlevag,NO,70.8578,29.0864,22.8,61,100,13.44,light snow
390,Promissao,BR,-21.5367,-49.8581,80.53,64,98,9.44,overcast clouds
391,Kupang,ID,-10.1667,123.5833,79.38,94,40,1.14,scattered clouds
392,Sohag,EG,26.557,31.6948,57.49,45,37,6.02,scattered clouds
393,Bonavista,CA,48.6499,-53.1147,26.11,68,100,23.42,overcast clouds
394,Palauig,PH,15.435,119.9045,78.73,80,99,2.59,overcast clouds
395,Loukhi,RU,66.0764,33.0381,-0.94,98,100,7.34,overcast clouds
396,Boyolangu,ID,-8.1181,111.8935,77.2,90,100,1.72,overcast clouds
397,Innisfail,AU,-17.5333,146.0333,77.27,75,95,3.4,overcast clouds
398,Tura,IN,25.5198,90.2201,53.22,59,0,2.84,clear sky
399,Maniitsoq,GL,65.4167,-52.9,37.0,72,100,20.58,overcast clouds
400,Kumano,JP,34.3442,132.5894,37.89,77,21,4.18,few clouds
401,Puerto Cabello,VE,10.4731,-68.0125,79.79,74,10,13.62,clear sky
402,Salinas,US,36.6777,-121.6555,56.79,80,1,10.36,clear sky
403,Kjollefjord,NO,70.9457,27.3465,28.45,93,20,9.22,light snow
404,Jega,NG,12.2175,4.3792,72.55,21,50,10.25,scattered clouds
405,Whyalla,AU,-33.0333,137.5833,58.89,67,90,6.91,overcast clouds
406,Auki,SB,-8.7676,160.7034,77.54,85,100,2.15,overcast clouds
407,Siyabuswa,ZA,-25.1132,29.0445,64.36,76,100,3.13,overcast clouds
408,Longyearbyen,SJ,78.2186,15.6401,28.24,93,75,14.97,light snow
409,Kiunga,PG,-6.1219,141.2906,72.05,100,100,1.16,overcast clouds
410,Sakakah,SA,29.9697,40.2064,54.97,49,100,7.54,overcast clouds
411,Ixtapa,MX,20.7,-105.2,80.22,69,90,4.61,overcast clouds
412,Naze,JP,28.3667,129.4833,55.42,59,43,6.85,scattered clouds
413,Aniva,RU,46.7144,142.5294,-2.09,86,97,2.66,overcast clouds
414,Sao Gabriel Da Cachoeira,BR,-0.1303,-67.0892,87.6,66,40,3.44,scattered clouds
415,Beira,MZ,-19.8436,34.8389,78.89,78,40,13.8,scattered clouds
416,Mahibadhoo,MV,3.7833,72.9667,82.24,77,100,15.57,overcast clouds
417,Maki,JP,37.75,138.8833,33.91,81,100,7.34,light snow
418,Constitucion,CL,-35.3333,-72.4167,70.43,60,25,17.49,scattered clouds
419,Richards Bay,ZA,-28.783,32.0377,67.95,76,100,6.33,overcast clouds
420,Boshnyakovo,RU,49.6333,142.1667,6.64,78,100,3.58,overcast clouds
421,Kongolo,CD,-5.3833,27.0,72.09,88,100,1.07,overcast clouds
422,Nantucket,US,41.2835,-70.0995,39.31,87,90,21.85,overcast clouds
423,General Roca,AR,-39.0333,-67.5833,91.8,14,0,7.16,clear sky
424,Shawville,CA,45.6001,-76.4827,21.88,48,8,10.31,clear sky
425,Sept-Iles,CA,50.2001,-66.3821,24.06,62,90,3.44,overcast clouds
426,Druzhba,UA,52.0428,33.9453,29.98,92,68,13.02,broken clouds
427,Porto Novo,BJ,6.4965,2.6036,84.02,53,41,5.57,scattered clouds
428,Chateauroux,FR,46.8167,1.7,38.35,100,90,11.5,mist
429,Simao,CN,22.7886,100.9748,46.81,94,0,2.21,clear sky
430,Namibe,AO,-15.1961,12.1522,70.57,70,97,10.33,overcast clouds
431,Luau,AO,-10.7073,22.2247,67.6,93,100,2.59,overcast clouds
432,Waipawa,NZ,-41.4122,175.5153,61.45,66,0,17.96,clear sky
433,Shimoda,JP,34.6667,138.95,41.11,77,3,15.97,clear sky
434,Monrovia,LR,6.3005,-10.7969,83.97,80,7,8.88,clear sky
435,Puerto Penasco,MX,31.3167,-113.5333,59.92,37,0,4.88,clear sky
436,Chernyshevskiy,RU,63.0128,112.4714,-45.35,100,91,2.55,overcast clouds
437,Bandarbeyla,SO,9.4942,50.8122,77.86,77,12,15.41,few clouds
438,Mangrol,IN,21.1167,70.1167,68.45,43,23,9.19,few clouds
439,Tahta,EG,26.7693,31.5021,57.52,44,84,6.31,broken clouds
440,Sistranda,NO,63.7256,8.834,42.91,60,89,23.82,overcast clouds
441,Belaya Gora,RU,68.5333,146.4167,-40.05,97,100,5.08,overcast clouds
442,Nagpur,IN,21.15,79.1,57.22,41,0,0.0,haze
443,Taua,BR,-5.9667,-40.3,94.77,27,92,6.82,overcast clouds
444,Comodoro Rivadavia,AR,-45.8667,-67.5,69.66,46,40,20.71,scattered clouds
445,Alamosa,US,37.4695,-105.87,40.66,31,1,3.44,clear sky
446,Luebo,CD,-5.35,21.4167,71.91,98,100,1.48,light rain
447,Seydi,TM,39.4816,62.9137,50.65,56,40,3.49,scattered clouds
448,Takaka,NZ,-40.85,172.8,61.38,62,63,7.09,broken clouds
449,Omsukchan,RU,62.5333,155.8,-40.72,98,25,4.68,scattered clouds
450,Ferrol,ES,43.4832,-8.2369,54.68,72,4,6.55,clear sky
451,Okhotsk,RU,59.3833,143.3,1.47,97,100,13.62,light snow
452,Torbay,CA,47.6666,-52.7314,25.48,72,40,11.5,scattered clouds
453,Taoudenni,ML,22.6783,-3.9836,80.22,14,100,8.55,overcast clouds
454,Loubomo,CG,-4.1997,12.6739,75.79,88,100,3.65,overcast clouds
455,Poum,NC,-20.2333,164.0167,79.14,76,31,2.06,scattered clouds
456,Los Llanos De Aridane,ES,28.6585,-17.9182,69.55,84,20,1.01,few clouds
457,Padang,ID,-0.9492,100.3543,77.05,88,100,3.29,overcast clouds
458,Henties Bay,NA,-22.116,14.2845,65.86,83,12,6.11,few clouds
459,Giyani,ZA,-23.3025,30.7187,66.51,74,97,3.11,overcast clouds
460,Mathbaria,BD,22.2876,89.9593,55.72,49,0,7.31,clear sky
461,Sioux Lookout,CA,50.1001,-91.917,12.58,85,90,11.5,light snow
462,Ayan,RU,56.45,138.1667,-7.8,74,50,10.09,scattered clouds
463,Mount Isa,AU,-20.7333,139.5,73.17,83,40,2.3,scattered clouds
464,Alihe,CN,50.5667,123.7167,-1.61,98,100,1.3,overcast clouds
465,Flin Flon,CA,54.7682,-101.865,-0.56,71,75,6.91,light snow
466,Abay,KZ,49.6311,72.8539,30.58,87,100,11.61,overcast clouds
467,Lebedinyy,RU,58.5167,125.5167,-30.44,100,100,1.54,overcast clouds
468,Liwale,TZ,-9.7667,37.9333,75.47,70,56,3.02,broken clouds
469,Benin,BJ,9.5,2.25,79.65,19,100,5.73,overcast clouds
470,Iralaya,HN,15.0,-83.2333,82.49,74,25,10.74,scattered clouds
471,Tallahassee,US,30.4383,-84.2807,70.68,95,90,1.01,overcast clouds
472,Fredericton,CA,45.9454,-66.6656,28.36,82,90,1.99,light snow
473,Banda Aceh,ID,5.5577,95.3222,74.61,93,100,11.77,light rain
474,Sosnovo-Ozerskoye,RU,52.5249,111.5418,0.37,72,88,20.22,overcast clouds
475,Laiyang,CN,36.9758,120.7136,33.78,59,100,4.09,overcast clouds
476,Harper,LR,4.375,-7.7169,81.0,78,86,10.51,overcast clouds
477,Ipixuna,BR,-1.7625,-48.8043,85.95,75,100,4.76,overcast clouds
478,Ardmore,US,34.1743,-97.1436,41.65,53,1,1.01,clear sky
479,Chabahar,IR,25.2919,60.643,72.46,67,100,10.27,overcast clouds
480,Colares,PT,38.7992,-9.4469,63.37,56,0,1.01,clear sky
481,Ulaangom,MN,49.9811,92.0667,-3.93,93,100,2.8,overcast clouds
482,Rio Grande,BR,-32.035,-52.0986,80.71,65,0,19.53,clear sky
483,Morondava,MG,-20.2833,44.2833,80.65,71,100,11.68,overcast clouds
484,Yendi,GH,9.4427,-0.0099,84.09,14,22,5.55,few clouds
485,Hualmay,PE,-11.0964,-77.6139,73.35,69,28,11.07,scattered clouds
486,Kedrovyy,RU,56.1667,91.8167,-3.59,100,100,4.14,overcast clouds
487,Carutapera,BR,-1.195,-46.02,85.78,63,100,9.62,overcast clouds
488,Inirida,CO,3.8653,-67.9239,84.56,81,100,1.66,overcast clouds
489,Ilebo,CD,-4.3167,20.5833,77.14,84,100,1.39,light rain
490,Hofn,IS,64.2539,-15.2082,41.05,81,100,5.73,overcast clouds
491,Tondon,GN,10.3667,-13.35,80.15,40,5,3.2,clear sky
492,Aksu,CN,41.1231,80.2644,23.7,57,100,3.65,overcast clouds
493,Seminole,US,28.7086,-81.2081,85.21,72,40,1.99,scattered clouds
494,Hobyo,SO,5.3505,48.5268,80.24,74,100,18.16,overcast clouds
495,Nelson,NZ,-41.2833,173.2833,65.8,82,40,1.01,scattered clouds
496,Burnie,AU,-41.0667,145.9167,52.95,92,79,21.74,light rain
497,Chesma,RU,53.8111,60.6533,25.99,88,98,16.06,overcast clouds
498,Pueblo Nuevo Vinas,GT,14.2258,-90.4742,81.93,44,16,8.41,few clouds
499,Chifeng,CN,42.2683,118.9636,28.53,47,0,14.97,clear sky
500,Sao Felix Do Xingu,BR,-6.6447,-51.995,77.32,92,100,1.9,overcast clouds
501,Prescott,US,34.54,-112.4685,50.9,40,1,1.01,clear sky
502,Chincha Alta,PE,-13.4099,-76.1323,69.76,65,16,8.72,few clouds
503,Chuy,UY,-33.6971,-53.4616,78.01,56,19,15.39,few clouds
504,Mayumba,GA,-3.432,10.6554,78.35,90,44,5.19,scattered clouds
505,Comitancillo,GT,15.0833,-91.7167,73.71,52,30,1.23,scattered clouds
506,Prince Rupert,CA,54.3161,-130.3201,31.69,83,75,6.91,broken clouds
507,Mehran,IR,33.1222,46.1646,54.88,59,4,4.36,clear sky
508,Imeni Poliny Osipenko,RU,52.4201,136.4853,-25.62,100,100,1.66,overcast clouds
509,Magaria,NE,12.9983,8.9099,67.68,22,61,10.16,broken clouds
510,Kedougou,SN,12.5579,-12.1743,95.58,24,0,4.61,clear sky
511,Izhma,RU,65.0083,53.9113,2.17,94,100,7.11,overcast clouds
512,Sinnamary,GF,5.3833,-52.95,82.58,71,64,8.86,broken clouds
513,Puerto Vallarta,MX,20.6204,-105.2307,80.91,76,90,1.99,overcast clouds
514,Batemans Bay,AU,-35.7167,150.1833,65.1,83,99,4.47,overcast clouds
515,Zheleznovodsk,RU,44.1394,43.0197,23.41,100,13,2.24,few clouds
516,Lagunas,PE,-5.2269,-75.6753,82.24,85,96,5.46,overcast clouds
517,Celestun,MX,20.8667,-90.4,83.91,66,19,9.1,few clouds
518,Caldararu,RO,44.45,24.95,36.25,89,91,12.68,overcast clouds
519,Weihe,CN,32.9952,105.3247,33.12,69,27,4.32,scattered clouds
520,Mandalgovi,MN,45.7625,106.2708,13.51,66,5,5.39,clear sky
521,Nanortalik,GL,60.1432,-45.2371,39.94,66,100,30.98,overcast clouds
522,Podyuga,RU,61.095,40.8647,6.93,93,100,9.66,overcast clouds
523,Coquimbo,CL,-29.9533,-71.3436,65.59,75,90,10.87,overcast clouds
524,Soe,ID,-9.8607,124.284,68.61,93,100,1.88,overcast clouds
525,Kanlagay,PH,5.8757,121.2915,80.69,83,74,7.76,broken clouds
526,Alofi,NU,-19.0595,-169.9187,78.69,78,7,10.36,clear sky
527,Juba,SS,4.8517,31.5825,85.03,33,42,3.24,scattered clouds
528,Caravelas,BR,-17.7125,-39.2481,78.89,77,100,7.05,light rain
529,Hermiston,US,45.8404,-119.2895,41.11,91,90,9.22,moderate rain
530,Bada,RU,51.392,109.8717,8.49,83,98,17.05,overcast clouds
531,Dicabisagan,PH,17.0818,122.4157,76.62,92,100,14.67,overcast clouds
532,Piney Green,US,34.716,-77.3202,52.95,95,90,17.27,mist
533,Manadhoo,MV,5.7667,73.3833,81.48,77,100,14.52,overcast clouds
534,Dergachi,RU,51.2328,48.7659,27.5,90,100,19.48,overcast clouds
535,Fleetwood,GB,53.9253,-3.0109,39.18,100,90,13.8,mist
536,Kenai,US,60.5544,-151.2583,19.49,93,90,6.91,overcast clouds
537,Ossora,RU,59.2353,163.0719,-8.27,84,5,5.93,clear sky
538,Villa Bruzual,VE,9.3328,-69.1208,94.69,34,54,3.89,broken clouds
539,Mgandu,TZ,-5.95,34.1333,63.9,90,100,3.36,light rain
540,Ndele,CF,8.4109,20.6473,79.41,27,20,3.83,few clouds
541,Raduzhnyy,RU,62.0961,77.475,-22.95,92,44,8.68,scattered clouds
542,Ambilobe,MG,-13.2,49.05,78.6,86,100,2.46,light rain
543,Vao,NC,-22.6667,167.4833,76.03,86,100,12.21,overcast clouds
544,Arlit,NE,18.7369,7.3853,66.97,18,0,13.89,clear sky
545,Dondo,MZ,-19.6094,34.7431,78.31,80,100,4.32,overcast clouds
546,Omboue,GA,-1.5746,9.2618,78.28,88,99,4.74,moderate rain
547,Springfield,US,37.2153,-93.2982,37.42,75,90,4.0,overcast clouds
548,Nova Soure,BR,-11.2333,-38.4833,86.04,53,83,10.69,broken clouds
549,Port Augusta,AU,-32.5,137.7667,59.14,63,6,9.26,clear sky
550,Bowen,AU,-20.0167,148.2333,71.82,70,7,10.56,clear sky
551,Rajkot,IN,22.3,70.7833,62.56,48,8,5.75,clear sky
552,Mandan,US,46.8267,-100.8896,42.37,69,20,3.0,few clouds
553,Kondagaon,IN,19.6,81.6667,51.91,61,0,2.33,clear sky
554,Gravdal,NO,68.1214,13.5031,39.09,60,40,16.11,scattered clouds
555,Kikwit,CD,-5.041,18.8162,73.67,91,100,1.9,overcast clouds
556,Svetlaya,RU,46.5389,138.3297,7.02,70,9,6.44,clear sky
557,Sidi Ali,DZ,36.0998,0.4206,54.37,67,45,8.99,scattered clouds
558,Namatanai,PG,-3.6667,152.4333,78.76,83,71,0.81,light rain
559,Matara,LK,5.9485,80.5353,76.69,86,64,3.65,broken clouds
560,Anloga,GH,5.7947,0.8973,84.42,60,4,9.98,clear sky
561,Tommot,RU,58.9564,126.2925,-24.25,99,100,2.44,overcast clouds
562,Serdobsk,RU,52.4586,44.2169,28.38,96,100,19.93,light snow
563,Manaus,BR,-3.1019,-60.025,86.5,84,75,0.0,heavy intensity rain
564,Storforshei,NO,66.4043,14.5233,31.78,92,40,3.44,scattered clouds
565,Mehamn,NO,71.0357,27.8492,28.58,93,20,9.22,light snow
566,Pueblo,US,38.2545,-104.6091,60.75,20,10,1.99,clear sky
567,Opotiki,NZ,-38.0833,177.2833,62.38,73,0,1.52,clear sky
568,Luanda,AO,-8.8368,13.2343,78.03,83,73,15.26,broken clouds
569,Cocachacra,PE,-17.0883,-71.7575,73.2,68,100,8.39,overcast clouds
570,West Wendover,US,40.7391,-114.0733,24.01,86,1,0.0,clear sky
571,Ushtobe,KZ,45.2514,77.9838,35.46,58,100,8.66,overcast clouds
572,Garachine,PA,8.0647,-78.3628,82.42,80,70,1.9,broken clouds
573,Bagan,RU,54.1001,77.6646,21.43,96,100,5.39,light snow
574,Leshukonskoye,RU,64.8989,45.7622,-16.19,96,73,6.76,broken clouds
575,Awjilah,LY,29.1081,21.2869,50.72,60,3,11.27,clear sky
576,Guiratinga,BR,-16.3494,-53.7583,82.47,73,100,2.48,overcast clouds
577,Verkhnevilyuysk,RU,63.4453,120.3167,-35.32,96,100,5.48,overcast clouds
578,Lahaina,US,20.8783,-156.6825,74.95,93,100,10.74,overcast clouds
579,Brae,GB,60.3964,-1.353,39.11,69,97,9.15,overcast clouds
580,Bhuj,IN,23.2667,69.6667,63.16,38,96,4.03,overcast clouds
581,Kaithal,IN,29.8,76.3833,47.64,20,3,7.4,clear sky
582,Traralgon,AU,-38.1833,146.5333,52.18,78,100,1.99,overcast clouds
583,Kintampo,GH,8.0563,-1.7306,81.79,19,25,3.47,scattered clouds
584,Port-Cartier,CA,50.0334,-66.8654,23.76,74,100,4.32,overcast clouds
585,Komarikhinskiy,RU,58.0979,57.1163,5.99,94,100,7.63,light snow
586,George,ZA,-33.963,22.4617,62.15,88,0,3.44,clear sky
587,Phangnga,TH,8.4509,98.5298,78.84,93,90,5.23,overcast clouds
588,Pilar,BR,-9.5972,-35.9567,87.73,59,100,14.63,overcast clouds
589,Labuhan,ID,-6.8844,112.2051,80.49,83,100,2.71,overcast clouds
590,Bambanglipuro,ID,-7.95,110.2833,66.6,94,100,2.01,overcast clouds
591,Jablunkov,CZ,49.5767,18.7646,40.8,97,100,10.04,overcast clouds
592,Kisangani,CD,0.5167,25.2,73.24,90,100,2.71,overcast clouds
593,Watertown,US,42.3709,-71.1828,36.37,76,90,1.99,light snow
594,Bitlis,TR,38.5,42.25,28.87,94,95,8.03,overcast clouds
595,Enshi,CN,30.3,109.4833,45.99,83,85,1.5,overcast clouds
596,Miri,MY,4.4148,114.0089,78.94,89,40,8.05,moderate rain
597,Roma,US,43.2128,-75.4557,28.26,82,90,12.66,overcast clouds
598,Barddhaman,IN,23.25,87.85,55.53,38,0,7.52,clear sky
599,Dabakala,CI,8.3667,-4.4333,82.4,18,68,2.39,broken clouds
600,Pudozh,RU,61.8099,36.5345,7.88,89,100,11.36,overcast clouds
601,Tigil,RU,57.8,158.6667,-12.77,98,100,3.27,overcast clouds
602,Bathsheba,BB,13.2167,-59.5167,81.21,78,75,23.02,broken clouds
603,Palmer,US,42.1584,-72.3287,36.21,66,75,3.0,broken clouds
604,Emirdag,TR,39.0197,31.15,27.72,97,97,3.44,overcast clouds
605,Neiafu,TO,-18.65,-173.9833,79.48,89,40,6.91,scattered clouds
606,San Buenaventura,MX,27.0833,-101.5333,49.48,61,90,5.75,overcast clouds
607,Khovu-Aksy,RU,51.1333,93.6,10.71,81,100,4.25,overcast clouds
608,Nemuro,JP,43.3236,145.575,28.51,49,10,3.27,clear sky
609,Soyo,AO,-6.1349,12.3689,82.45,87,14,9.51,few clouds
610,Thayetmyo,MM,19.3167,95.1833,66.29,80,0,0.98,clear sky
611,Gornyy,RU,55.1153,83.9059,14.79,95,100,12.39,overcast clouds
612,Portland,US,45.5234,-122.6762,38.75,95,90,1.01,moderate rain
613,Svetlyy,RU,54.675,20.1347,39.25,68,94,19.84,overcast clouds
614,La Paz,BO,-16.5,-68.15,58.98,50,75,12.66,light rain
615,Roald,NO,62.5833,6.1333,41.32,81,40,6.91,scattered clouds
616,Peniche,PT,39.3558,-9.3811,63.1,66,100,20.87,light rain
617,Gort,IE,53.0664,-8.8167,38.95,92,3,5.5,clear sky
618,Bardiyah,LY,31.7561,25.0865,52.45,69,79,16.22,broken clouds
619,Uaua,BR,-9.8414,-39.4817,88.99,38,100,7.14,overcast clouds
620,Tual,ID,-5.6667,132.75,83.64,71,98,3.13,overcast clouds
621,Raypur,IN,22.4108,88.5094,58.96,36,0,7.72,clear sky
622,Grand Gaube,MU,-20.0064,57.6608,80.38,75,4,1.99,clear sky
623,Havoysund,NO,70.9963,24.6622,28.63,68,100,11.52,light snow
624,Bonthe,SL,7.5264,-12.505,81.55,74,13,8.68,few clouds
625,San Ramon,US,37.7799,-121.978,50.18,86,1,5.75,mist
626,Kolondieba,ML,11.0882,-6.8926,82.13,18,2,6.13,clear sky
627,Batticaloa,LK,7.7102,81.6924,77.85,77,62,9.86,broken clouds
628,Andenes,NO,69.3143,16.1194,35.58,75,20,16.11,few clouds
629,Maues,BR,-3.3836,-57.7186,82.18,90,100,2.28,overcast clouds
630,Manta,EC,-0.95,-80.7333,74.98,88,90,6.91,overcast clouds
631,Mwense,ZM,-10.3845,28.698,68.5,88,38,1.83,scattered clouds
632,Asau,RO,46.4333,26.4,38.32,90,16,6.51,few clouds
633,Tabacao,PH,15.6414,120.9349,73.78,89,100,3.29,overcast clouds
634,Chateau-Thierry,FR,49.05,3.4,41.14,94,91,7.7,overcast clouds
635,Murray Bridge,AU,-35.1167,139.2667,58.57,70,8,6.49,clear sky
636,Vila,PT,42.0304,-8.1588,47.28,80,24,6.46,few clouds
637,Dong Hoi,VN,17.4833,106.6,63.54,78,100,12.33,moderate rain
638,Sisimiut,GL,66.9395,-53.6735,32.32,71,100,20.2,overcast clouds
639,Hornepayne,CA,49.2138,-84.7705,15.31,71,100,8.19,overcast clouds
640,Vostok,RU,46.4856,135.8833,-7.08,98,97,4.9,overcast clouds
641,Cururupu,BR,-1.8283,-44.8683,85.05,63,100,6.98,overcast clouds
642,Wanning,CN,18.8003,110.3967,66.24,94,100,20.65,heavy intensity rain
643,Rock Springs,US,41.5875,-109.2029,31.05,59,1,1.99,clear sky
644,Petropavl,KZ,54.8753,69.1628,17.78,97,95,6.17,overcast clouds
645,Salamiyah,SY,35.0113,37.0532,50.11,60,1,9.37,clear sky
646,Kununurra,AU,-15.7667,128.7333,84.18,74,100,3.44,overcast clouds
647,Eganville,CA,45.5334,-77.0994,18.01,45,3,8.77,clear sky
648,Tabory,RU,58.5198,64.5495,17.2,95,100,7.85,light snow
649,Whitehorse,CA,60.7161,-135.0538,-2.18,76,75,1.99,broken clouds
650,Codrington,AU,-38.2667,141.9667,48.04,82,34,11.43,scattered clouds
651,Baherden,TM,38.4362,57.4316,54.9,55,0,4.83,clear sky
652,La Rioja,ES,42.25,-2.5,28.18,84,12,6.04,few clouds
653,Benavente,ES,42.0025,-5.6783,41.99,79,11,5.7,few clouds
654,Oga,IT,46.4631,10.347,40.28,59,1,4.7,clear sky
655,Atar,MR,20.5169,-13.0499,73.08,46,100,13.06,overcast clouds
656,Kamenka,RU,51.3223,42.7678,29.75,97,100,21.03,snow
657,Codajas,BR,-3.8367,-62.0569,82.0,81,100,3.36,moderate rain
658,Ormara,PK,25.2088,64.6357,71.62,67,100,7.63,overcast clouds
659,Rayagada,IN,19.1667,83.4167,59.25,75,0,2.21,clear sky
660,Souillac,MU,-20.5167,57.5167,80.37,78,75,1.14,broken clouds
661,Manhattan,US,40.7834,-73.9662,40.62,55,20,9.22,few clouds
662,Tautira,PF,-17.7333,-149.15,82.42,78,33,14.54,light rain
663,Lasa,IT,46.6166,10.7002,47.66,57,1,6.73,clear sky
664,Yerofey Pavlovich,RU,53.9667,121.9667,-7.04,96,100,5.12,light snow
665,Fairbanks,US,64.8378,-147.7164,17.6,86,75,0.0,light snow
666,Manicore,BR,-5.8092,-61.3003,75.38,98,100,1.1,light rain
667,Villa Maria,AR,-32.4075,-63.2402,95.83,37,0,7.4,clear sky
668,Adeje,ES,28.1227,-16.726,69.31,83,20,12.66,few clouds
669,Havelock,US,34.8791,-76.9013,52.03,95,90,7.0,overcast clouds
670,Shenjiamen,CN,29.9576,122.298,49.03,57,7,10.83,clear sky
671,Sambava,MG,-14.2667,50.1667,74.12,91,99,5.59,overcast clouds
672,Dinghai,CN,26.2847,119.7936,49.12,65,39,10.8,scattered clouds
673,Medea,DZ,36.2642,2.7539,41.45,69,44,5.32,scattered clouds
674,Vietri Sul Mare,IT,40.6687,14.7253,52.11,79,0,1.99,clear sky
675,Prabumulih,ID,-3.45,104.25,73.65,99,100,2.39,overcast clouds
676,Goedereede,NL,51.8175,3.9806,46.99,87,100,1.99,overcast clouds
677,Qeshm,IR,26.9581,56.2719,67.89,64,100,8.16,overcast clouds
678,Sainte-Maxime,FR,43.3,6.6333,50.02,64,0,7.83,clear sky
679,Mitchell,US,43.7094,-98.0298,33.12,63,1,5.01,clear sky
680,Fort Nelson,CA,58.8053,-122.7002,-24.21,69,75,2.3,broken clouds
681,Mogadishu,SO,2.0371,45.3438,79.79,86,65,18.95,broken clouds
682,Kadoma,JP,34.7333,135.5833,48.18,60,16,3.65,few clouds
683,Magistralnyy,RU,56.1725,107.4458,-33.32,98,18,2.59,few clouds
684,Bida,NG,9.0833,6.0167,81.0,24,6,2.01,clear sky
685,Bitam,GA,2.076,11.5007,74.34,74,17,1.86,few clouds
686,Bayanday,RU,53.0661,105.5139,-6.97,92,15,7.45,few clouds
687,Dudinka,RU,69.4058,86.1778,-45.15,100,66,1.48,broken clouds
688,Makaryev,RU,57.8797,43.8069,19.06,94,100,10.27,light snow
689,Nkowakowa,ZA,-23.8878,30.2871,57.25,79,98,1.39,overcast clouds
690,Banbury,GB,52.0602,-1.3403,40.68,98,100,1.99,overcast clouds
691,Consolacion Del Sur,CU,22.5047,-83.5136,88.66,44,9,9.04,clear sky
692,Catalina,US,32.5056,-110.9211,62.91,37,0,1.01,clear sky
693,Grindsted,DK,55.754,8.9123,37.9,93,0,5.75,clear sky
694,Coalinga,US,36.1397,-120.3602,34.11,39,0,2.8,clear sky
695,Cherskiy,RU,68.75,161.3,-16.11,99,100,17.0,light snow
696,Junin,AR,-34.5838,-60.9433,102.13,18,0,5.93,clear sky
697,Martil,MA,35.6166,-5.2752,60.87,82,40,6.91,scattered clouds
698,Sobolevo,RU,54.4299,31.8996,29.17,95,98,13.33,light snow
699,Jaicos,BR,-7.3592,-41.1378,87.39,46,100,8.43,overcast clouds
700,Rundu,NA,-17.9333,19.7667,74.84,54,100,5.19,overcast clouds
701,Praia Da Vitoria,PT,38.7333,-27.0667,59.25,94,40,10.4,scattered clouds
702,Bradley,US,35.1501,-84.8666,50.13,87,90,9.22,overcast clouds
703,Pangani,TZ,-5.4333,38.9667,79.29,88,61,8.3,light rain
704,Umarga,IN,17.8333,76.6167,62.19,56,0,10.6,clear sky
705,Muros,ES,42.7762,-9.0603,54.68,90,13,7.9,few clouds
706,Wewak,PG,-3.5534,143.6268,78.13,89,100,7.25,overcast clouds
707,Ridgecrest,US,35.6225,-117.6709,48.38,45,1,0.0,clear sky
